computador_id;timestamp;cpu_pct;load_1m;cpu_iowait_pct;cpu_interrupts;ram_pct;ram_disponivel_bytes;disco_pct;disco_livre_bytes;disco_escrita_bytes;disco_leitura_bytes;disco_escrita_ops;uptime_s;boot_ts;proc_rss_bytes;proc_cpu_pct
Marcos;2026-10-02T13:20:34.678949+00:00;50.0;0.0;;7175320;68.8;5269696512;76.8;231999373312;4773913088;10127186432;336451;4104.01;1790943130.982595;83046400;0.0
Marcos;2026-10-02T13:20:39.999870+00:00;5.9;0.0;;7183004;67.6;5463195648;76.8;231999352832;4774962688;10127300608;336597;4109.02;1790943130.982595;83607552;0.0
Marcos;2026-10-02T13:20:45.006476+00:00;5.3;0.0;;7190783;67.0;5570756608;76.8;231999361024;4775681024;10127366144;336657;4114.03;1790943130.982595;83619840;0.0
Marcos;2026-10-02T13:20:50.015504+00:00;4.4;0.0;;7200465;67.0;5567660032;76.8;231999225856;4776146944;10128160768;336723;4119.04;1790943130.982595;83623936;0.0
Marcos;2026-10-02T13:20:55.024409+00:00;7.5;0.0;;7219530;67.1;5556686848;76.8;231999217664;4777253888;10128506880;336823;4124.04;1790943130.982595;83632128;0.0
Marcos;2026-10-02T13:21:00.033360+00:00;5.2;0.0;;7227463;66.9;5586931712;76.8;231999217664;4777486336;10128539648;336842;4129.05;1790943130.982595;83636224;0.0
Marcos;2026-10-02T13:21:05.038346+00:00;11.4;0.0;;7256971;67.2;5537648640;76.8;231999283200;4778840576;10135794176;336917;4134.06;1790943130.982595;83636224;0.0
Marcos;2026-10-02T13:21:10.044178+00:00;19.0;0.0;;7326629;67.8;5435768832;76.8;231999373312;4789027840;10194396672;337409;4139.06;1790943130.982595;83640320;0.0
Marcos;2026-10-02T13:21:15.050461+00:00;20.1;0.0;;7392838;67.9;5408862208;76.8;231999369216;4803005440;10219860480;337678;4144.07;1790943130.982595;83591168;0.0
Marcos;2026-10-02T13:21:20.056052+00:00;15.5;0.08;;7466924;68.0;5397880832;76.8;231998316544;4827222016;10244256256;338087;4149.08;1790943130.982595;83599360;0.0
Marcos;2026-10-02T13:21:25.064865+00:00;91.1;0.07;;7573867;68.1;5389004800;76.8;231998291968;4856528896;10271740416;338571;4154.08;1790943130.982595;83599360;0.0
Marcos;2026-10-02T13:21:30.072393+00:00;97.2;1.45;;7679063;68.0;5401866240;76.8;231998291968;4876716544;10292089344;338900;4159.09;1790943130.982595;83599360;0.0
Marcos;2026-10-02T13:21:35.078662+00:00;96.7;2.21;;7770655;68.0;5403660288;76.8;231998353408;4896825856;10312274432;339197;4164.1;1790943130.982595;83599360;0.0
Marcos;2026-10-02T13:21:40.084781+00:00;97.5;2.21;;7885202;68.0;5404438528;76.8;231998332928;4934797312;10350055936;339699;4169.11;1790943130.982595;83599360;0.0
Marcos;2026-10-02T13:21:45.093326+00:00;98.4;2.68;;7999190;68.0;5398794240;76.8;231998328832;4962052096;10377400832;340085;4174.11;1790943130.982595;83599360;0.0
Marcos;2026-10-02T13:21:50.100013+00:00;78.2;3.18;;8087209;68.0;5401104384;76.8;231998308352;4982026240;10397486080;340377;4179.12;1790943130.982595;83599360;0.0
Marcos;2026-10-02T13:21:55.106473+00:00;96.8;3.73;;8201414;67.9;5410631680;76.8;231998308352;5008385536;10424882688;340797;4184.13;1790943130.982595;83603456;0.0
Marcos;2026-10-02T13:22:00.112427+00:00;55.7;3.91;;8497509;67.9;5420109824;76.8;231998304256;5028262912;10445018624;341065;4189.13;1790943130.982595;83603456;0.0
Marcos;2026-10-02T13:22:05.116077+00:00;28.2;3.68;;8781342;68.0;5399932928;76.8;231998304256;5048334336;10465084928;341373;4194.13;1790943130.982595;83603456;0.0
Marcos;2026-10-02T13:22:10.119800+00:00;18.0;3.38;;8959952;68.0;5405990912;76.8;231998148608;5074956288;10491807232;341766;4199.14;1790943130.982595;83603456;0.0
Marcos;2026-10-02T13:22:15.123999+00:00;11.4;3.11;;8992656;67.8;5433937920;76.8;231998070784;5094490624;10511795712;342036;4204.14;1790943130.982595;83603456;0.0
Marcos;2026-10-02T13:22:20.131744+00:00;9.4;2.86;;9030971;67.7;5445369856;76.8;231998046208;5120964096;10538436096;342418;4209.15;1790943130.982595;83595264;0.0
Marcos;2026-10-02T13:22:25.142474+00:00;37.6;2.63;;9556058;67.9;5417738240;76.8;231998042112;5140946432;10558653952;342699;4214.16;1790943130.982595;83595264;0.0
Marcos;2026-10-02T13:22:30.170062+00:00;44.3;2.74;;10246143;67.9;5420613632;76.8;231998107648;5161113600;10579117568;343023;4219.19;1790943130.982595;83578880;0.0
Marcos;2026-10-02T13:22:35.174396+00:00;32.8;3.32;;10531970;67.9;5411049472;76.8;231998099456;5181136896;10599155200;343338;4224.19;1790943130.982595;83578880;0.0
Marcos;2026-10-02T13:22:40.178155+00:00;23.9;3.06;;10784282;67.9;5415194624;76.8;231998099456;5201060352;10619143680;343625;4229.2;1790943130.982595;83578880;0.0
Marcos;2026-10-02T13:22:45.182248+00:00;13.7;2.97;;10871159;67.8;5426548736;76.8;231998099456;5214550016;10632447488;343874;4234.2;1790943130.982595;83582976;0.0
Marcos;2026-10-02T13:22:50.187386+00:00;13.1;2.74;;10925506;68.0;5400961024;76.8;231998078976;5215697920;10632660480;343977;4239.21;1790943130.982595;83582976;0.0
Marcos;2026-10-02T13:22:55.194257+00:00;19.7;2.52;;10985386;68.4;5324193792;76.8;231996858368;5217354240;10637173760;344078;4244.22;1790943130.982595;83582976;0.0
Marcos;2026-10-02T13:23:00.201236+00:00;15.4;2.32;;11036803;68.5;5309984768;76.8;231996719104;5218729472;10639122432;344151;4249.22;1790943130.982595;83582976;0.0
Marcos;2026-10-02T13:23:05.205832+00:00;26.4;2.13;;11135340;70.5;4974272512;76.8;231995998208;5230984704;10659639296;344672;4254.22;1790943130.982595;83582976;0.0
Marcos;2026-10-02T13:23:10.213833+00:00;24.3;1.96;;11221557;70.5;4984406016;76.8;231995437056;5252401152;10671359488;346131;4259.23;1790943130.982595;83582976;0.0
Marcos;2026-10-02T13:23:15.220285+00:00;17.5;1.8;;11281133;70.6;4966158336;76.8;231998283776;5256699392;10673092096;346363;4264.24;1790943130.982595;83582976;0.0
Marcos;2026-10-02T13:23:20.225437+00:00;14.0;1.66;;11333063;70.4;4999409664;76.8;231998136320;5260395008;10673948160;346607;4269.24;1790943130.982595;83582976;0.0
Marcos;2026-10-02T13:23:25.233017+00:00;9.6;1.53;;11381853;70.3;5012107264;76.8;231998332928;5261501952;10674277888;346701;4274.25;1790943130.982595;83587072;0.0
Marcos;2026-10-02T13:23:30.240940+00:00;12.9;1.4;;11437549;70.4;4988608512;76.8;231998263296;5264311296;10675371520;346780;4279.26;1790943130.982595;83587072;0.0
Marcos;2026-10-02T13:23:35.249326+00:00;13.0;1.29;;11497736;70.4;4992745472;76.8;231997845504;5267791872;10676224512;347045;4284.27;1790943130.982595;83587072;0.0
Marcos;2026-10-02T13:23:40.256641+00:00;21.7;1.19;;11575398;71.5;4806557696;76.8;231997558784;5270107648;10708240896;347221;4289.28;1790943130.982595;83587072;0.0
Marcos;2026-10-02T13:23:45.261356+00:00;50.2;1.09;;11689901;72.5;4640440320;76.8;231997059072;5275614208;10745748992;347514;4294.28;1790943130.982595;83587072;0.0
Marcos;2026-10-02T13:23:50.270982+00:00;22.1;1.33;;11748763;71.5;4814008320;76.8;231761973248;5293075456;10762078720;348002;4299.29;1790943130.982595;83587072;0.0
Marcos;2026-10-02T13:23:55.278125+00:00;13.4;1.22;;11797586;71.3;4840140800;76.8;231761940480;5295726080;10762668032;348208;4304.3;1790943130.982595;83587072;0.0
Marcos;2026-10-02T13:24:00.287686+00:00;24.3;1.11;;11889207;71.6;4793520128;76.8;231760551936;5300251136;10769206784;348382;4309.31;1790943130.982595;83587072;0.0
Marcos;2026-10-02T13:24:05.293572+00:00;16.2;1.02;;11955409;72.3;4672061440;76.8;231760506880;5302518272;10782068224;348565;4314.31;1790943130.982595;83587072;0.0
Marcos;2026-10-02T13:24:10.300449+00:00;11.7;0.94;;11993624;72.3;4680749056;76.8;231760769024;5303613952;10788072960;348688;4319.32;1790943130.982595;83587072;0.0
Marcos;2026-10-02T13:24:15.305573+00:00;11.8;0.87;;12038881;72.2;4681347072;76.8;231760785408;5304536576;10789117952;348767;4324.32;1790943130.982595;83587072;0.0
Marcos;2026-10-02T13:24:20.314704+00:00;14.9;0.8;;12093495;72.3;4671655936;76.8;231760609280;5306533376;10790256640;348850;4329.33;1790943130.982595;83587072;0.0
Marcos;2026-10-02T13:24:25.321729+00:00;13.8;0.73;;12143612;72.4;4660600832;76.8;231759888384;5308236288;10790580224;348954;4334.34;1790943130.982595;83587072;0.0
Marcos;2026-10-02T13:24:30.326299+00:00;10.3;0.67;;12177899;72.4;4653641728;76.8;231759982592;5309138432;10790780928;349033;4339.34;1790943130.982595;83587072;0.0
Marcos;2026-10-02T13:24:35.330104+00:00;16.6;0.67;;12232672;72.4;4653441024;76.8;231759941632;5311172608;10791112704;349122;4344.35;1790943130.982595;83587072;0.0
Marcos;2026-10-02T13:24:40.339276+00:00;19.1;0.57;;12294222;71.0;4899127296;76.8;231759880192;5321082880;10791522304;349215;4349.36;1790943130.982595;83591168;0.0
Marcos;2026-10-02T13:24:45.343175+00:00;13.9;0.53;;12348712;67.9;5412847616;76.8;231759835136;5322505728;10791817216;349272;4354.36;1790943130.982595;83591168;0.0
Marcos;2026-10-02T13:24:50.350077+00:00;15.1;0.48;;12382956;67.9;5417877504;76.8;231759704064;5323726848;10791882752;349311;4359.37;1790943130.982595;83591168;0.0
Marcos;2026-10-02T13:24:55.354247+00:00;16.0;0.48;;12433760;67.6;5463511040;76.8;231759675392;5324733952;10791931904;349368;4364.37;1790943130.982595;83591168;0.0
Marcos;2026-10-02T13:25:00.361995+00:00;14.7;0.44;;12483888;67.6;5465890816;76.8;231759806464;5325843456;10792161280;349459;4369.38;1790943130.982595;83591168;0.0
Marcos;2026-10-02T13:25:05.366988+00:00;13.6;0.41;;12532317;67.9;5416726528;76.8;231759806464;5326361600;10792235008;349483;4374.39;1790943130.982595;83591168;0.0
Marcos;2026-10-02T13:25:10.374264+00:00;10.5;0.38;;12571540;67.8;5425016832;76.8;231759806464;5326679552;10792366080;349515;4379.39;1790943130.982595;83591168;0.0
Marcos;2026-10-02T13:25:15.378076+00:00;11.1;0.32;;12617594;67.9;5407870976;76.8;231759642624;5327396864;10792382464;349567;4384.4;1790943130.982595;83701760;0.0
Marcos;2026-10-02T13:25:20.381606+00:00;15.8;0.29;;12671908;68.1;5385846784;76.8;231759630336;5329955840;10792787968;349649;4389.4;1790943130.982595;83701760;0.0
Marcos;2026-10-02T13:25:25.387977+00:00;14.9;0.29;;12719579;68.0;5401866240;76.8;231759540224;5331546112;10793795584;349741;4394.41;1790943130.982595;83701760;0.0
Marcos;2026-10-02T13:25:30.395121+00:00;14.0;0.35;;12768133;68.0;5395652608;76.8;231758381056;5333452288;10794192896;349858;4399.41;1790943130.982595;83701760;0.0
Marcos;2026-10-02T13:25:35.399201+00:00;10.5;0.32;;12817208;68.1;5389615104;76.8;231758368768;5335216128;10794496000;349914;4404.42;1790943130.982595;83701760;0.0
Marcos;2026-10-02T13:25:40.407660+00:00;12.4;0.3;;12860777;68.0;5394182144;76.8;231758237696;5335977984;10794840064;349960;4409.43;1790943130.982595;83701760;0.0
Marcos;2026-10-02T13:25:45.414885+00:00;14.2;0.27;;12911618;68.1;5387464704;76.8;231758237696;5337669632;10795134976;350024;4414.43;1790943130.982595;83701760;0.0
Marcos;2026-10-02T13:25:50.419170+00:00;17.8;0.25;;12968247;68.2;5370748928;76.8;231758225408;5338465280;10795249664;350078;4419.44;1790943130.982595;83701760;0.0
Marcos;2026-10-02T13:25:55.425840+00:00;13.8;0.31;;13020177;68.2;5372112896;76.8;231758135296;5339551744;10795433984;350174;4424.44;1790943130.982595;83701760;0.0
Marcos;2026-10-02T13:26:00.432689+00:00;15.0;0.37;;13067020;71.5;4802052096;76.8;231757967360;5341155328;10796318720;350258;4429.45;1790943130.982595;83701760;0.0
Marcos;2026-10-02T13:26:05.437706+00:00;82.4;0.34;;13153064;75.3;4174041088;76.8;231758348288;5342489088;10796466176;350287;4434.46;1790943130.982595;83701760;0.0
Marcos;2026-10-02T13:26:10.447522+00:00;96.4;1.75;;13246418;77.3;3822272512;76.8;231758348288;5343126528;10796625920;350328;4439.47;1790943130.982595;83701760;0.0
Marcos;2026-10-02T13:26:15.456477+00:00;47.1;2.89;;13499456;80.3;3327737856;76.8;231758348288;5348279808;10796838912;350413;4444.48;1790943130.982595;83701760;0.0
Marcos;2026-10-02T13:26:20.462274+00:00;33.6;2.82;;13803211;84.4;2634403840;76.8;231758348288;5356184064;10796924928;350448;4449.48;1790943130.982595;83701760;0.0
Marcos;2026-10-02T13:26:25.466005+00:00;33.7;2.59;;13931180;87.4;2129596416;76.8;231759835136;5360404480;10815524864;350590;4454.49;1790943130.982595;83701760;0.0
Marcos;2026-10-02T13:26:30.472268+00:00;27.5;2.46;;14039514;88.1;2006728704;76.8;231761485824;5364147200;10823925248;351046;4459.49;1790943130.982595;83701760;0.0
Marcos;2026-10-02T13:26:35.479719+00:00;22.3;2.27;;14095973;89.4;1790435328;76.8;231761457152;5658261504;10824367616;351427;4464.5;1790943130.982595;83705856;0.0
Marcos;2026-10-02T13:26:40.485890+00:00;80.3;2.17;;14179776;90.2;1654583296;76.8;231761588224;5675902976;10826034688;351501;4469.51;1790943130.982595;83705856;0.0
Marcos;2026-10-02T13:26:45.492331+00:00;94.5;3.35;;14273206;91.1;1505255424;76.8;231762112512;5688933376;10834685440;353101;4474.52;1790943130.982595;83705856;0.0
Marcos;2026-10-02T13:26:50.505336+00:00;95.9;3.96;;14361940;92.0;1351970816;76.8;231762116608;5689769984;10836661248;353212;4479.52;1790943130.982595;83705856;0.0
Marcos;2026-10-02T13:26:55.510888+00:00;95.9;5.17;;14440236;91.5;1437683712;76.8;231762112512;5698086912;10837632000;353321;4484.53;1790943130.982595;83685376;0.0
Marcos;2026-10-02T13:27:00.519043+00:00;96.4;7.63;;14550909;91.6;1415565312;76.8;231761063936;5700092928;10838628352;353428;4489.57;1790943130.982595;83685376;0.0
Marcos;2026-10-02T13:27:05.573892+00:00;25.5;10.7;;14618415;96.8;533000192;76.8;231762026496;5711746048;10845587456;354131;4494.59;1790943130.982595;83685376;0.0
Marcos;2026-10-02T13:27:10.581338+00:00;12.2;9.84;;14661970;96.9;531304448;76.8;231762026496;5712243200;10846963200;354163;4499.6;1790943130.982595;83685376;0.0
